query_type,1,count,1_std,best_prompt
challenges with solutions,86.25,3,1.0897247358851685,1
concepts,87.08333333333333,3,3.608439182435163,1
fact,92.08333333333333,3,4.018187817080396,1
methods/results,91.66666666666667,3,3.8188130791298684,1
state of research,86.41666666666667,3,7.731159895729318,1
