query_type,3,count,3_std,best_prompt
challenges with solutions,87.91666666666667,3,1.9094065395649338,3
concepts,92.0,3,6.082762530298219,3
fact,91.25,3,3.75,3
methods/results,92.66666666666667,3,2.254624876411449,3
state of research,90.25,3,2.537222891273055,3
