query_type,1,2,3,4,5,6,count,1_std,2_std,3_std,4_std,5_std,6_std,best_prompt
challenges with solutions,87.25,89.16666666666667,91.0,88.08333333333333,87.33333333333333,88.91666666666667,18,2.883140648667699,1.4433756729740665,0.4330127018922193,2.1842237370135247,0.2886751345948139,3.412599204907211,3
concepts,89.0,88.58333333333333,91.33333333333333,90.83333333333333,91.0,89.75,18,1.3228756555322954,2.4537386440559104,3.175426480542944,6.29152869605896,3.774917217635375,0.9013878188659973,3
fact,90.75,89.0,88.33333333333333,89.33333333333333,85.83333333333333,87.0,18,0.4330127018922193,1.3228756555322954,6.291528696058957,2.3228933107943903,4.389855730355306,4.092676385936225,1
methods/results,91.08333333333333,94.75,93.33333333333333,91.66666666666667,92.91666666666667,95.0,18,1.2829003598617195,0.4330127018922193,2.886751345948127,2.602082499332668,4.73242362150023,0.0,6
state of research,86.66666666666667,86.91666666666667,88.91666666666667,86.5,88.5,82.83333333333333,18,4.389855730355309,2.696448281227241,3.5910769044025415,4.130677910464576,3.0413812651491097,6.4485140407177,3
