chunk_size,overlap,embedding_model,k,mean_similarity,mean_f1,top_1_accuracy,top_3_accuracy,top_5_accuracy,top_k_accuracy,combined_score
475,125,text-embedding-3-small,10,0.3353025359772166,0.46483947523645663,0.27906976744186046,0.6046511627906976,0.7906976744186046,0.8604651162790697,0.6626522957577632
475,150,text-embedding-3-small,10,0.3683761629518715,0.49686379252201174,0.20930232558139536,0.5348837209302325,0.7441860465116279,0.9767441860465116,0.7368039892842617
475,175,text-embedding-3-small,10,0.4007128139168352,0.49839958814511726,0.27906976744186046,0.5813953488372093,0.6744186046511628,0.9302325581395349,0.714316073142326
500,125,text-embedding-3-small,10,0.36302868668152316,0.48684050160953535,0.2558139534883721,0.627906976744186,0.7209302325581395,0.9534883720930233,0.7201644368512793
500,150,text-embedding-3-small,10,0.3721333292532583,0.4970002388908783,0.27906976744186046,0.627906976744186,0.7906976744186046,0.9767441860465116,0.7368722124686949
500,175,text-embedding-3-small,10,0.39081881935891716,0.4937734527896566,0.27906976744186046,0.4418604651162791,0.7674418604651163,0.9767441860465116,0.7352588194180841
525,125,text-embedding-3-small,10,0.35131151017210804,0.46268099314571526,0.3488372093023256,0.6046511627906976,0.7441860465116279,0.9069767441860465,0.6848288686658809
525,150,text-embedding-3-small,10,0.3440864116004404,0.4701419660938608,0.23255813953488372,0.6744186046511628,0.8372093023255814,0.9534883720930233,0.711815169093442
525,175,text-embedding-3-small,10,0.3648358051686798,0.4786873102560909,0.3023255813953488,0.5581395348837209,0.7209302325581395,0.9534883720930233,0.716087841174557
