query_type,1,count,1_std,best_prompt
challenges with solutions,85.58333333333333,3,6.104984302464122,1
concepts,89.16666666666667,3,2.982588361362212,1
fact,93.33333333333333,3,2.88675134594813,1
methods/results,89.16666666666667,3,7.1078008788466605,1
state of research,88.08333333333333,3,4.849828175650485,1
