query_type,1,2,3,4,5,6,count,1_std,2_std,3_std,4_std,5_std,6_std,best_prompt
challenges with solutions,84,86.66666667,85,79.75,87.5,81.58333333,18,1.639359631,9.213893495,2.5,18.1882517,2.5,9.186720488,5
concepts,82.91666667,88.5,87.08333333,87.33333333,85,88.91666667,18,10.18065977,3.041381265,3.145764348,2.322893311,5,1.506928443,6
fact,92.91666667,87.91666667,89.58333333,93.75,92.08333333,90.83333333,18,1.90940654,9.547032698,4.732423622,2.165063509,3.145764348,3.818813079,4
methods/results,82.5,90.83333333,90.25,93.75,87.66666667,81.66666667,18,21.65063509,5.204164999,5.018714975,3.307189139,5.569634937,20.96624271,4
state of research,89.58333333,87.91666667,89.83333333,91.66666667,90.83333333,90.33333333,18,3.329164059,4.732423622,3.591076904,3.818813079,4.38985573,0.288675135,4
