query_type,1,count,1_std,best_prompt
challenges with solutions,86.16666666666667,3,8.588994896571618,1
concepts,82.66666666666667,3,7.751343969488992,1
fact,92.5,3,4.330127018922194,1
methods/results,89.58333333333333,3,4.389855730355306,1
state of research,89.16666666666667,3,1.4433756729740665,1
