query_type,1,2,3,4,5,6,count,1_std,2_std,3_std,4_std,5_std,6_std,best_prompt
challenges with solutions,86.25,82.75,88.75,87.33333333333333,85.83333333333333,89.16666666666667,18,4.5069390943299865,9.127568131764342,2.5,3.4125992049072136,12.767961205037135,2.88675134594813,6
concepts,82.91666666666667,79.58333333333333,85.0,80.41666666666667,85.83333333333333,83.08333333333333,18,14.91294180681107,7.107800878846657,6.614378277661476,13.482241406136199,5.20416499866533,7.142886904699899,5
fact,93.75,94.75,81.66666666666667,95.0,95.41666666666667,94.16666666666667,18,3.307189138830738,4.130677910464576,18.929694486000912,0.0,3.1457643480294792,2.6020824993326643,5
methods/results,92.5,91.66666666666667,83.75,92.08333333333333,87.08333333333333,91.66666666666667,18,4.330127018922194,5.77350269189626,13.050383136138187,2.6020824993326643,11.61446655397196,3.8188130791298684,1
state of research,88.75,89.16666666666667,90.58333333333333,89.0,88.08333333333333,90.16666666666667,18,1.25,5.204164998665333,0.6291528696058977,1.3228756555322954,1.876388374866282,0.2886751345948139,3
