query_type,1,count,1_std,best_prompt
challenges with solutions,83.08333333333333,3,12.41554804804578,1
concepts,86.66666666666667,3,3.8188130791298662,1
fact,92.91666666666667,3,4.732423621500227,1
methods/results,90.41666666666667,3,8.036375634160798,1
state of research,88.75,3,2.6100766272276377,1
