query_type,1,count,1_std,best_prompt
challenges with solutions,87.08333333333333,3,2.6020824993326643,1
concepts,86.83333333333333,3,5.923118547972285,1
fact,92.91666666666667,3,1.9094065395649338,1
methods/results,87.91666666666667,3,4.389855730355309,1
state of research,89.5,3,2.817356917396161,1
