query_type,1,count,1_std,best_prompt
challenges with solutions,79.58333333333333,3,16.072751268321593,1
concepts,82.66666666666667,3,10.11290429764533,1
fact,90.83333333333333,3,2.88675134594813,1
methods/results,77.08333333333333,3,22.372322931097997,1
state of research,89.58333333333333,3,1.9094065395649338,1
