chunk_size,overlap,embedding_model,k,mean_similarity,mean_f1,top_1_accuracy,top_3_accuracy,top_5_accuracy,top_k_accuracy,combined_score
400,100,text-embedding-3-small,10,0.44411405659578396,0.5426743200753958,0.27906976744186046,0.627906976744186,0.7674418604651163,0.8837209302325582,0.713197625153977
400,100,text-embedding-3-large,10,0.4697897033709343,0.5569546335852058,0.37209302325581395,0.6744186046511628,0.7906976744186046,0.9069767441860465,0.7319656888856261
